{"cameraMode":{"drawMode":0,"name":"Shaded","section":"Shading Mode"},"sceneLighting":false,"audioPlay":false,"sceneViewState":{"m_AlwaysRefresh":false,"showFog":true,"showSkybox":false,"showFlares":true,"showImageEffects":true,"showParticleSystems":true,"showVisualEffectGraphs":true,"m_FxEnabled":true},"in2DMode":false,"pivot":{"x":0.0000019073486328125,"y":0.544814944267273,"z":-0.005593776702880859},"rotation":{"x":0.0639791488647461,"y":-0.5690813660621643,"z":0.04447854682803154,"w":0.818581223487854},"size":2.5520389080047609,"orthographic":false}